<?xml version="1.0" encoding="UTF-8" ?>
<!DOCTYPE log4j:configuration SYSTEM "log4j.dtd">

<log4j:configuration xmlns:log4j="http://jakarta.apache.org/log4j/">
  <appender name="ConsoleAppender" class="org.apache.log4j.ConsoleAppender">
    <layout class="org.apache.log4j.SimpleLayout"/>
  </appender>
  <category name="com.something.something.you.want.to.see.debug">
    <priority value="debug"/>
  </category><root><priority value="info"/>
    <appender-ref ref="ConsoleAppender"/>
  </root>
</log4j:configuration>